{
	"song": {
		"player1": "toad-playerr",
		"player2": "impostor",
		"notes": [
			{
				"typeOfSection": 0,
				"sectionNotes": [
					[
						315.789473684211,
						3,
						0
					],
					[
						0,
						3,
						0
					],
					[
						631.578947368421,
						2,
						0
					],
					[
						789.473684210526,
						2,
						0
					],
					[
						1421.05263157895,
						2,
						0
					],
					[
						1105.26315789474,
						1,
						157.894736842105
					],
					[
						1578.94736842105,
						3,
						0
					],
					[
						1736.84210526316,
						2,
						0
					],
					[
						1894.73684210526,
						0,
						0
					],
					[
						2052.63157894737,
						2,
						0
					],
					[
						2210.52631578947,
						3,
						0
					],
					[
						2368.42105263158,
						2,
						0
					]
				],
				"sectionBeats": 4,
				"altAnim": false,
				"gfSection": false,
				"bpm": 150,
				"changeBPM": false,
				"mustHitSection": false
			},
			{
				"typeOfSection": 0,
				"sectionNotes": [
					[
						2526.31578947368,
						0,
						0
					],
					[
						2684.21052631579,
						1,
						0
					],
					[
						2842.10526315789,
						2,
						0
					],
					[
						3000,
						3,
						0
					],
					[
						3157.8947368421,
						1,
						0
					],
					[
						3315.78947368421,
						0,
						157.894736842105
					],
					[
						3631.57894736842,
						2,
						0
					],
					[
						3947.36842105263,
						3,
						0
					],
					[
						4105.26315789474,
						2,
						0
					],
					[
						4263.15789473684,
						1,
						0
					],
					[
						4421.05263157895,
						0,
						0
					],
					[
						4578.94736842105,
						1,
						0
					],
					[
						4736.84210526316,
						3,
						0
					],
					[
						4894.73684210526,
						1,
						0
					]
				],
				"sectionBeats": 4,
				"altAnim": false,
				"gfSection": false,
				"bpm": 150,
				"changeBPM": false,
				"mustHitSection": true
			},
			{
				"typeOfSection": 0,
				"sectionNotes": [
					[
						5052.63157894737,
						3,
						0,
						"Fred Note"
					],
					[
						5368.42105263158,
						3,
						0,
						"Fred Note"
					],
					[
						5684.21052631579,
						1,
						0,
						"Fred Note"
					],
					[
						5842.1052631579,
						1,
						0,
						"Fred Note"
					],
					[
						6157.8947368421,
						3,
						157.894736842105,
						"Fred Note"
					],
					[
						6473.68421052632,
						2,
						0,
						"Fred Note"
					],
					[
						6631.57894736842,
						1,
						0,
						"Fred Note"
					],
					[
						6789.47368421053,
						2,
						0,
						"Fred Note"
					],
					[
						6947.36842105263,
						3,
						0,
						"Fred Note"
					],
					[
						7105.26315789474,
						1,
						0,
						"Fred Note"
					],
					[
						7263.15789473684,
						0,
						0,
						"Fred Note"
					],
					[
						7421.05263157895,
						2,
						0,
						"Fred Note"
					]
				],
				"sectionBeats": 4,
				"altAnim": false,
				"gfSection": false,
				"bpm": 95,
				"changeBPM": false,
				"mustHitSection": false
			},
			{
				"typeOfSection": 0,
				"sectionNotes": [
					[
						7578.94736842105,
						0,
						0,
						"Luigi Note"
					],
					[
						7736.84210526316,
						2,
						0,
						"Luigi Note"
					],
					[
						7894.73684210526,
						3,
						0,
						"Luigi Note"
					],
					[
						8052.63157894737,
						2,
						0,
						"Luigi Note"
					],
					[
						8210.52631578947,
						0,
						0,
						"Luigi Note"
					],
					[
						8368.42105263158,
						1,
						0,
						"Luigi Note"
					],
					[
						8684.21052631579,
						1,
						0,
						"Luigi Note"
					],
					[
						8842.1052631579,
						2,
						0,
						"Luigi Note"
					],
					[
						9157.8947368421,
						0,
						0,
						"Luigi Note"
					],
					[
						9789.47368421053,
						3,
						0,
						"Luigi Note"
					],
					[
						9473.68421052631,
						2,
						0,
						"Luigi Note"
					]
				],
				"sectionBeats": 4,
				"altAnim": false,
				"gfSection": false,
				"bpm": 95,
				"changeBPM": false,
				"mustHitSection": true
			},
			{
				"typeOfSection": 0,
				"sectionNotes": [
					[
						10105.2631578947,
						2,
						0,
						"Luigi Note"
					]
				],
				"sectionBeats": 4,
				"altAnim": false,
				"gfSection": false,
				"bpm": 95,
				"changeBPM": false,
				"mustHitSection": true
			},
			{
				"typeOfSection": 0,
				"sectionNotes": [],
				"sectionBeats": 4,
				"altAnim": false,
				"gfSection": false,
				"bpm": 95,
				"changeBPM": false,
				"mustHitSection": true
			},
			{
				"typeOfSection": 0,
				"sectionNotes": [],
				"sectionBeats": 4,
				"altAnim": false,
				"gfSection": false,
				"bpm": 95,
				"changeBPM": false,
				"mustHitSection": true
			},
			{
				"sectionBeats": 4,
				"sectionNotes": [],
				"typeOfSection": 0,
				"gfSection": false,
				"altAnim": false,
				"mustHitSection": true,
				"changeBPM": false,
				"bpm": 95
			},
			{
				"gfSection": false,
				"altAnim": false,
				"typeOfSection": 0,
				"sectionNotes": [],
				"bpm": 95,
				"sectionBeats": 4,
				"changeBPM": false,
				"mustHitSection": true
			}
		],
		"mania": 0,
		"soloMode": false,
		"splashSkin": "noteSplashes",
		"song": "Bug Blaster",
		"validScore": true,
		"arrowSkin": "",
		"speed": 6.49999999999999,
		"events": [],
		"gfVersion": "gf-oh-no-our-table-its-broken",
		"leftMode": false,
		"stage": "toadHouse camfix",
		"needsVoices": false,
		"audioPostfix": "",
		"bpm": 95
	}
}