{
	"song": {
		"player1": "toad-playerr",
		"player2": "impostor top 10",
		"events": [
			[
				0,
				[
					[
						"Camera Follow Pos",
						"750",
						"500"
					]
				]
			],
			[
				2142.85714285714,
				[
					[
						"Run Haxe Command",
						"game.dad.visible = true;",
						""
					],
					[
						"Camera Follow Pos",
						"500",
						"500"
					],
					[
						"Run Haxe Command",
						"game.iconP2.visible = true;",
						""
					]
				]
			],
			[
				4352.67857142857,
				[
					[
						"Camera Follow Pos",
						"750",
						"500"
					]
				]
			],
			[
				5464.28571428571,
				[
					[
						"Camera Follow Pos",
						"500",
						"500"
					]
				]
			],
			[
				7360.71428571429,
				[
					[
						"Camera Follow Pos",
						"750",
						"500"
					]
				]
			],
			[
				8319.64285714286,
				[
					[
						"Camera Follow Pos",
						"500",
						"500"
					]
				]
			],
			[
				9000,
				[
					[
						"Camera Follow Pos",
						"750",
						"500"
					]
				]
			],
			[
				9964.28571428571,
				[
					[
						"Camera Follow Pos",
						"500",
						"500"
					]
				]
			],
			[
				12428.5714285714,
				[
					[
						"Camera Follow Pos",
						"750",
						"500"
					]
				]
			],
			[
				14142.8571428571,
				[
					[
						"Camera Follow Pos",
						"575",
						"500"
					]
				]
			],
			[
				14785.7142857143,
				[
					[
						"Camera Follow Pos",
						"750",
						"500"
					]
				]
			],
			[
				18000,
				[
					[
						"Camera Follow Pos",
						"500",
						"500"
					]
				]
			],
			[
				21428.5714285714,
				[
					[
						"Camera Follow Pos",
						"575",
						"-10000"
					]
				]
			]
		],
		"notes": [
			{
				"typeOfSection": 0,
				"sectionNotes": [],
				"sectionBeats": 4,
				"altAnim": false,
				"gfSection": false,
				"bpm": 150,
				"changeBPM": false,
				"mustHitSection": true
			},
			{
				"typeOfSection": 0,
				"sectionNotes": [],
				"sectionBeats": 4,
				"altAnim": false,
				"gfSection": false,
				"bpm": 150,
				"changeBPM": false,
				"mustHitSection": false
			},
			{
				"typeOfSection": 0,
				"sectionNotes": [
					[
						3857.14285714286,
						2,
						0
					],
					[
						4071.42857142857,
						0,
						0
					],
					[
						4352.67857142857,
						6,
						0
					],
					[
						4625.89285714286,
						5,
						0
					],
					[
						4767.85714285714,
						6,
						0
					]
				],
				"sectionBeats": 4,
				"altAnim": false,
				"gfSection": false,
				"bpm": 180,
				"changeBPM": false,
				"mustHitSection": false
			},
			{
				"typeOfSection": 0,
				"sectionNotes": [
					[
						5191.07142857143,
						6,
						0
					],
					[
						5464.28571428571,
						6,
						0
					],
					[
						5464.28571428571,
						1,
						321.428571428571
					]
				],
				"sectionBeats": 4,
				"altAnim": false,
				"gfSection": false,
				"bpm": 180,
				"changeBPM": false,
				"mustHitSection": false
			},
			{
				"typeOfSection": 0,
				"sectionNotes": [
					[
						7500,
						7,
						0
					],
					[
						7339.28571428571,
						4,
						0
					],
					[
						7821.42857142857,
						6,
						0
					],
					[
						8035.71428571429,
						6,
						0
					],
					[
						8314.28571428571,
						3,
						0
					],
					[
						8491.07142857143,
						0,
						0
					]
				],
				"sectionBeats": 4,
				"altAnim": false,
				"gfSection": false,
				"bpm": 180,
				"changeBPM": false,
				"mustHitSection": false
			},
			{
				"typeOfSection": 0,
				"sectionNotes": [
					[
						8726.78571428571,
						2,
						0
					],
					[
						9002.67857142857,
						4,
						321.428571428571
					],
					[
						9428.57142857143,
						5,
						321.428571428571
					],
					[
						9964.28571428571,
						1,
						0
					],
					[
						10178.5714285714,
						2,
						214.285714285714
					]
				],
				"sectionBeats": 4,
				"altAnim": false,
				"gfSection": false,
				"bpm": 180,
				"changeBPM": false,
				"mustHitSection": false
			},
			{
				"typeOfSection": 0,
				"sectionNotes": [
					[
						10500,
						7,
						107.142857142857
					],
					[
						10714.2857142857,
						6,
						0
					],
					[
						11035.7142857143,
						7,
						0
					],
					[
						11142.8571428571,
						6,
						214.285714285714
					],
					[
						11464.2857142857,
						5,
						0
					],
					[
						11783.0357142857,
						4,
						0
					]
				],
				"sectionBeats": 4,
				"altAnim": false,
				"gfSection": false,
				"bpm": 180,
				"changeBPM": false,
				"mustHitSection": true
			},
			{
				"typeOfSection": 0,
				"sectionNotes": [
					[
						12000,
						5,
						0
					],
					[
						12107.1428571429,
						7,
						214.285714285714
					],
					[
						12642.8571428571,
						2,
						0
					],
					[
						12750,
						2,
						0
					],
					[
						12857.1428571429,
						2,
						0
					],
					[
						12964.2857142857,
						2,
						0
					],
					[
						13071.4285714286,
						3,
						0
					],
					[
						13178.5714285714,
						2,
						0
					],
					[
						13285.7142857143,
						2,
						0
					],
					[
						13392.8571428571,
						2,
						0
					],
					[
						13500,
						2,
						0
					],
					[
						13607.1428571429,
						2,
						0
					],
					[
						12428.5714285714,
						0,
						107.142857142857
					]
				],
				"sectionBeats": 4,
				"altAnim": false,
				"gfSection": false,
				"bpm": 180,
				"changeBPM": false,
				"mustHitSection": true
			},
			{
				"typeOfSection": 0,
				"sectionNotes": [
					[
						13714.2857142857,
						1,
						0
					],
					[
						13928.5714285714,
						1,
						107.142857142857
					],
					[
						14785.7142857143,
						0,
						0
					],
					[
						14785.7142857143,
						2,
						0
					],
					[
						14785.7142857143,
						1,
						0
					],
					[
						14785.7142857143,
						3,
						0
					],
					[
						15214.2857142857,
						1,
						0
					]
				],
				"sectionBeats": 4,
				"altAnim": false,
				"gfSection": false,
				"bpm": 180,
				"changeBPM": false,
				"mustHitSection": true
			},
			{
				"typeOfSection": 0,
				"sectionNotes": [
					[
						15428.5714285714,
						2,
						0
					],
					[
						15428.5714285714,
						0,
						0
					],
					[
						16071.4285714286,
						0,
						0
					],
					[
						16071.4285714286,
						1,
						0
					],
					[
						16071.4285714286,
						3,
						0
					],
					[
						15857.1428571429,
						3,
						0
					],
					[
						16569.6428571429,
						2,
						0
					],
					[
						16655.3571428571,
						1,
						0
					],
					[
						16714.2857142857,
						0,
						0
					],
					[
						17035.7142857143,
						2,
						0
					],
					[
						16866.9642857143,
						0,
						0
					],
					[
						16928.5714285714,
						1,
						0
					]
				],
				"sectionBeats": 4,
				"altAnim": false,
				"gfSection": false,
				"bpm": 180,
				"changeBPM": false,
				"mustHitSection": true
			},
			{
				"typeOfSection": 0,
				"sectionNotes": [
					[
						17250,
						3,
						0
					],
					[
						17523.2142857143,
						2,
						0
					],
					[
						17734.8214285714,
						0,
						321.428571428571
					],
					[
						18000,
						6,
						1607.14285714286
					]
				],
				"sectionBeats": 4,
				"altAnim": false,
				"gfSection": false,
				"bpm": 180,
				"changeBPM": false,
				"mustHitSection": true
			},
			{
				"typeOfSection": 0,
				"sectionNotes": [
					[
						19928.5714285714,
						1,
						0
					],
					[
						20357.1428571429,
						1,
						0
					]
				],
				"sectionBeats": 4,
				"altAnim": false,
				"gfSection": false,
				"bpm": 180,
				"changeBPM": false,
				"mustHitSection": false
			},
			{
				"typeOfSection": 0,
				"sectionNotes": [
					[
						20785.7142857143,
						1,
						0
					],
					[
						21214.2857142857,
						1,
						0
					]
				],
				"sectionBeats": 4,
				"altAnim": false,
				"gfSection": false,
				"bpm": 180,
				"changeBPM": false,